{
  "Component.js.map": 1707945445052,
  "test/integration/opaTests.qunit.js": 1707921721946,
  "test/integration/pages/RisksList.js": 1707921721950,
  "test/integration/pages/RisksObjectPage.js": 1707921721950,
  "test/integration/FirstJourney.js": 1707921721950,
  "test/testsuite.qunit.js": 1707921721942,
  "xs-app.json": 1707945432395,
  "manifest.json": 1707944698128,
  "Component.js": 1707921721934,
  "test/integration/pages/RisksList-dbg.js": 1707921721950,
  "test/integration/pages/RisksList.js.map": 1707945445025,
  "test/integration/opaTests.qunit-dbg.js": 1707921721946,
  "test/integration/opaTests.qunit.js.map": 1707945445057,
  "test/integration/pages/RisksObjectPage-dbg.js": 1707921721950,
  "test/integration/pages/RisksObjectPage.js.map": 1707945445046,
  "test/integration/FirstJourney-dbg.js": 1707921721950,
  "test/integration/FirstJourney.js.map": 1707945445051,
  "test/testsuite.qunit-dbg.js": 1707921721942,
  "test/testsuite.qunit.js.map": 1707945445046,
  "Component-dbg.js": 1707921721934,
  "i18n/i18n.properties": 1707921779984,
  "Component-preload.js": 1707945445208,
  "Component-preload.js.map": 1707945445208,
  "test/integration/opaTests.qunit.html": 1707921721942,
  "test/testsuite.qunit.html": 1707921721942,
  "test/flpSandbox.html": 1707921721938,
  "index.html": 1707921721934
}